Date,Time,Source IP Address,Destination IP Address,Source Port,Destination Port
29-Jan,00:02:42,192.168.17.24,192.168.9.51,138,138
29-Jan,00:02:42,192.168.17.24,192.168.10.60,138,138
29-Jan,00:02:42,192.168.17.24,192.168.9.51,138,138
29-Jan,00:02:42,192.168.17.24,192.168.10.60,138,138
29-Jan,00:06:00,192.168.17.24,192.168.9.51,138,138
29-Jan,00:06:00,192.168.17.24,192.168.10.60,138,138
29-Jan,00:06:00,192.168.17.24,192.168.9.51,138,138
29-Jan,00:06:00,192.168.17.24,192.168.10.60,138,138
29-Jan,00:09:00,192.168.17.24,192.168.9.51,138,138
29-Jan,00:09:00,192.168.17.24,192.168.10.60,138,138
29-Jan,00:09:00,192.168.17.24,192.168.9.51,138,138
29-Jan,00:09:00,192.168.17.24,192.168.10.60,138,138
29-Jan,00:11:54,192.168.17.24,192.168.9.51,138,138
29-Jan,00:11:54,192.168.17.24,192.168.10.60,138,138
29-Jan,00:11:54,192.168.17.24,192.168.9.51,138,138
29-Jan,00:11:54,192.168.17.24,192.168.10.60,138,138
29-Jan,00:14:56,192.168.17.24,192.168.9.51,138,138
29-Jan,00:14:56,192.168.17.24,192.168.10.60,138,138
29-Jan,00:14:56,192.168.17.24,192.168.9.51,138,138
29-Jan,00:14:56,192.168.17.24,192.168.10.60,138,138
29-Jan,00:18:14,192.168.17.24,192.168.9.51,138,138
29-Jan,00:18:14,192.168.17.24,192.168.10.60,138,138
29-Jan,00:18:14,192.168.17.24,192.168.9.51,138,138
29-Jan,00:18:14,192.168.17.24,192.168.10.60,138,138
29-Jan,00:21:14,192.168.17.24,192.168.9.51,138,138
29-Jan,00:21:14,192.168.17.24,192.168.10.60,138,138
29-Jan,00:21:14,192.168.17.24,192.168.9.51,138,138
29-Jan,00:21:14,192.168.17.24,192.168.10.60,138,138
29-Jan,00:24:11,192.168.17.24,192.168.9.51,138,138
29-Jan,00:24:11,192.168.17.24,192.168.10.60,138,138
29-Jan,00:24:11,192.168.17.24,192.168.9.51,138,138
29-Jan,00:24:11,192.168.17.24,192.168.10.60,138,138
29-Jan,00:27:12,192.168.17.24,192.168.9.51,138,138
29-Jan,00:27:12,192.168.17.24,192.168.10.60,138,138
29-Jan,00:27:12,192.168.17.24,192.168.9.51,138,138
29-Jan,00:27:12,192.168.17.24,192.168.10.60,138,138
29-Jan,00:30:22,192.168.17.24,192.168.9.51,138,138
29-Jan,00:30:22,192.168.17.24,192.168.10.60,138,138
29-Jan,00:30:22,192.168.17.24,192.168.9.51,138,138
29-Jan,00:30:22,192.168.17.24,192.168.10.60,138,138
29-Jan,00:33:27,192.168.17.24,192.168.9.51,138,138
29-Jan,00:33:27,192.168.17.24,192.168.10.60,138,138
29-Jan,00:33:27,192.168.17.24,192.168.9.51,138,138
29-Jan,00:33:27,192.168.17.24,192.168.10.60,138,138
29-Jan,00:36:24,192.168.17.24,192.168.9.51,138,138
29-Jan,00:36:24,192.168.17.24,192.168.10.60,138,138
29-Jan,00:36:24,192.168.17.24,192.168.9.51,138,138
29-Jan,00:36:24,192.168.17.24,192.168.10.60,138,138
29-Jan,00:39:24,192.168.17.24,192.168.9.51,138,138
29-Jan,00:39:24,192.168.17.24,192.168.10.60,138,138
29-Jan,00:39:24,192.168.17.24,192.168.9.51,138,138
29-Jan,00:39:24,192.168.17.24,192.168.10.60,138,138
29-Jan,00:42:36,192.168.17.24,192.168.9.51,138,138
29-Jan,00:42:36,192.168.17.24,192.168.10.60,138,138
29-Jan,00:42:36,192.168.17.24,192.168.9.51,138,138
29-Jan,00:42:36,192.168.17.24,192.168.10.60,138,138
29-Jan,00:45:41,192.168.17.24,192.168.9.51,138,138
29-Jan,00:45:41,192.168.17.24,192.168.10.60,138,138
29-Jan,00:45:41,192.168.17.24,192.168.9.51,138,138
29-Jan,00:45:41,192.168.17.24,192.168.10.60,138,138
29-Jan,00:48:41,192.168.17.24,192.168.9.51,138,138
29-Jan,00:48:41,192.168.17.24,192.168.10.60,138,138
29-Jan,00:48:41,192.168.17.24,192.168.9.51,138,138
29-Jan,00:48:41,192.168.17.24,192.168.10.60,138,138
29-Jan,00:51:41,192.168.17.24,192.168.9.51,138,138
29-Jan,00:51:41,192.168.17.24,192.168.10.60,138,138
29-Jan,00:51:41,192.168.17.24,192.168.9.51,138,138
29-Jan,00:51:41,192.168.17.24,192.168.10.60,138,138
29-Jan,00:54:49,192.168.17.24,192.168.9.51,138,138
29-Jan,00:54:49,192.168.17.24,192.168.10.60,138,138
29-Jan,00:54:49,192.168.17.24,192.168.9.51,138,138
29-Jan,00:54:49,192.168.17.24,192.168.10.60,138,138
29-Jan,00:57:44,192.168.17.24,192.168.9.51,138,138
29-Jan,00:57:44,192.168.17.24,192.168.10.60,138,138
29-Jan,00:57:44,192.168.17.24,192.168.9.51,138,138
29-Jan,00:57:44,192.168.17.24,192.168.10.60,138,138
29-Jan,01:00:50,192.168.17.24,192.168.9.51,138,138
29-Jan,01:00:50,192.168.17.24,192.168.10.60,138,138
29-Jan,01:00:50,192.168.17.24,192.168.9.51,138,138
29-Jan,01:00:50,192.168.17.24,192.168.10.60,138,138
29-Jan,01:03:49,192.168.17.24,192.168.9.51,138,138
29-Jan,01:03:49,192.168.17.24,192.168.10.60,138,138
29-Jan,01:03:49,192.168.17.24,192.168.9.51,138,138
29-Jan,01:03:49,192.168.17.24,192.168.10.60,138,138
29-Jan,01:06:59,192.168.17.24,192.168.9.51,138,138
29-Jan,01:06:59,192.168.17.24,192.168.10.60,138,138
29-Jan,01:06:59,192.168.17.24,192.168.9.51,138,138
29-Jan,01:06:59,192.168.17.24,192.168.10.60,138,138
29-Jan,01:09:58,192.168.17.24,192.168.9.51,138,138
29-Jan,01:09:58,192.168.17.24,192.168.10.60,138,138
29-Jan,01:09:58,192.168.17.24,192.168.9.51,138,138
29-Jan,01:09:58,192.168.17.24,192.168.10.60,138,138
29-Jan,01:13:04,192.168.17.24,192.168.9.51,138,138
29-Jan,01:13:04,192.168.17.24,192.168.10.60,138,138
29-Jan,01:13:04,192.168.17.24,192.168.9.51,138,138
29-Jan,01:13:04,192.168.17.24,192.168.10.60,138,138
29-Jan,01:16:04,192.168.17.24,192.168.9.51,138,138
29-Jan,01:16:04,192.168.17.24,192.168.10.60,138,138
29-Jan,01:16:04,192.168.17.24,192.168.9.51,138,138
29-Jan,01:16:04,192.168.17.24,192.168.10.60,138,138
29-Jan,01:19:13,192.168.17.24,192.168.9.51,138,138
29-Jan,01:19:13,192.168.17.24,192.168.10.60,138,138
29-Jan,01:19:13,192.168.17.24,192.168.9.51,138,138
29-Jan,01:19:13,192.168.17.24,192.168.10.60,138,138
29-Jan,01:22:11,192.168.17.24,192.168.9.51,138,138
29-Jan,01:22:11,192.168.17.24,192.168.10.60,138,138
29-Jan,01:22:11,192.168.17.24,192.168.9.51,138,138
29-Jan,01:22:11,192.168.17.24,192.168.10.60,138,138
29-Jan,01:25:18,192.168.17.24,192.168.9.51,138,138
29-Jan,01:25:18,192.168.17.24,192.168.10.60,138,138
29-Jan,01:25:18,192.168.17.24,192.168.9.51,138,138
29-Jan,01:25:18,192.168.17.24,192.168.10.60,138,138
29-Jan,01:28:14,192.168.17.24,192.168.9.51,138,138
29-Jan,01:28:14,192.168.17.24,192.168.10.60,138,138
29-Jan,01:28:14,192.168.17.24,192.168.9.51,138,138
29-Jan,01:28:14,192.168.17.24,192.168.10.60,138,138
29-Jan,01:31:14,192.168.17.24,192.168.9.51,138,138
29-Jan,01:31:14,192.168.17.24,192.168.10.60,138,138
29-Jan,01:31:14,192.168.17.24,192.168.9.51,138,138
29-Jan,01:31:14,192.168.17.24,192.168.10.60,138,138
29-Jan,01:34:21,192.168.17.24,192.168.9.51,138,138
29-Jan,01:34:21,192.168.17.24,192.168.10.60,138,138
29-Jan,01:34:21,192.168.17.24,192.168.9.51,138,138
29-Jan,01:34:21,192.168.17.24,192.168.10.60,138,138
29-Jan,01:37:31,192.168.17.24,192.168.9.51,138,138
29-Jan,01:37:31,192.168.17.24,192.168.10.60,138,138
29-Jan,01:37:31,192.168.17.24,192.168.9.51,138,138
29-Jan,01:37:31,192.168.17.24,192.168.10.60,138,138
29-Jan,01:40:26,192.168.17.24,192.168.9.51,138,138
29-Jan,01:40:26,192.168.17.24,192.168.10.60,138,138
29-Jan,01:40:26,192.168.17.24,192.168.9.51,138,138
29-Jan,01:40:26,192.168.17.24,192.168.10.60,138,138
29-Jan,01:43:27,192.168.17.24,192.168.9.51,138,138
29-Jan,01:43:27,192.168.17.24,192.168.10.60,138,138
29-Jan,01:43:27,192.168.17.24,192.168.9.51,138,138
29-Jan,01:43:27,192.168.17.24,192.168.10.60,138,138
29-Jan,01:46:36,192.168.17.24,192.168.9.51,138,138
29-Jan,01:46:36,192.168.17.24,192.168.10.60,138,138
29-Jan,01:46:36,192.168.17.24,192.168.9.51,138,138
29-Jan,01:46:36,192.168.17.24,192.168.10.60,138,138
29-Jan,01:49:34,192.168.17.24,192.168.9.51,138,138
29-Jan,01:49:34,192.168.17.24,192.168.10.60,138,138
29-Jan,01:49:34,192.168.17.24,192.168.9.51,138,138
29-Jan,01:49:34,192.168.17.24,192.168.10.60,138,138
29-Jan,01:52:40,192.168.17.24,192.168.9.51,138,138
29-Jan,01:52:40,192.168.17.24,192.168.10.60,138,138
29-Jan,01:52:40,192.168.17.24,192.168.9.51,138,138
29-Jan,01:52:40,192.168.17.24,192.168.10.60,138,138
29-Jan,01:55:35,192.168.17.24,192.168.9.51,138,138
29-Jan,01:55:35,192.168.17.24,192.168.10.60,138,138
29-Jan,01:55:35,192.168.17.24,192.168.9.51,138,138
29-Jan,01:55:35,192.168.17.24,192.168.10.60,138,138
29-Jan,01:58:36,192.168.17.24,192.168.9.51,138,138
29-Jan,01:58:36,192.168.17.24,192.168.10.60,138,138
29-Jan,01:58:36,192.168.17.24,192.168.9.51,138,138
29-Jan,01:58:36,192.168.17.24,192.168.10.60,138,138
29-Jan,02:01:54,192.168.17.24,192.168.9.51,138,138
29-Jan,02:01:54,192.168.17.24,192.168.10.60,138,138
29-Jan,02:01:54,192.168.17.24,192.168.9.51,138,138
29-Jan,02:01:54,192.168.17.24,192.168.10.60,138,138
29-Jan,02:04:54,192.168.17.24,192.168.9.51,138,138
29-Jan,02:04:54,192.168.17.24,192.168.10.60,138,138
29-Jan,02:04:54,192.168.17.24,192.168.9.51,138,138
29-Jan,02:04:54,192.168.17.24,192.168.10.60,138,138
29-Jan,02:07:53,192.168.17.24,192.168.9.51,138,138
29-Jan,02:07:53,192.168.17.24,192.168.10.60,138,138
29-Jan,02:07:53,192.168.17.24,192.168.9.51,138,138
29-Jan,02:07:53,192.168.17.24,192.168.10.60,138,138
29-Jan,02:11:03,192.168.17.24,192.168.9.51,138,138
29-Jan,02:11:03,192.168.17.24,192.168.10.60,138,138
29-Jan,02:11:03,192.168.17.24,192.168.9.51,138,138
29-Jan,02:11:03,192.168.17.24,192.168.10.60,138,138
29-Jan,02:14:08,192.168.17.24,192.168.9.51,138,138
29-Jan,02:14:08,192.168.17.24,192.168.10.60,138,138
29-Jan,02:14:08,192.168.17.24,192.168.9.51,138,138
29-Jan,02:14:08,192.168.17.24,192.168.10.60,138,138
29-Jan,02:17:08,192.168.17.24,192.168.9.51,138,138
29-Jan,02:17:08,192.168.17.24,192.168.10.60,138,138
29-Jan,02:17:08,192.168.17.24,192.168.9.51,138,138
29-Jan,02:17:08,192.168.17.24,192.168.10.60,138,138
29-Jan,02:20:04,192.168.17.24,192.168.9.51,138,138
29-Jan,02:20:04,192.168.17.24,192.168.10.60,138,138
29-Jan,02:20:04,192.168.17.24,192.168.9.51,138,138
29-Jan,02:20:04,192.168.17.24,192.168.10.60,138,138
29-Jan,02:23:04,192.168.17.24,192.168.9.51,138,138
29-Jan,02:23:04,192.168.17.24,192.168.10.60,138,138
29-Jan,02:23:04,192.168.17.24,192.168.9.51,138,138
29-Jan,02:23:04,192.168.17.24,192.168.10.60,138,138
29-Jan,02:26:22,192.168.17.24,192.168.9.51,138,138
29-Jan,02:26:22,192.168.17.24,192.168.10.60,138,138
29-Jan,02:26:22,192.168.17.24,192.168.9.51,138,138
29-Jan,02:26:22,192.168.17.24,192.168.10.60,138,138
29-Jan,02:29:21,192.168.17.24,192.168.9.51,138,138
29-Jan,02:29:21,192.168.17.24,192.168.10.60,138,138
29-Jan,02:29:21,192.168.17.24,192.168.9.51,138,138
29-Jan,02:29:21,192.168.17.24,192.168.10.60,138,138
29-Jan,02:32:18,192.168.17.24,192.168.9.51,138,138
29-Jan,02:32:18,192.168.17.24,192.168.10.60,138,138
29-Jan,02:32:18,192.168.17.24,192.168.9.51,138,138
29-Jan,02:32:18,192.168.17.24,192.168.10.60,138,138
29-Jan,02:35:18,192.168.17.24,192.168.9.51,138,138
29-Jan,02:35:18,192.168.17.24,192.168.10.60,138,138
29-Jan,02:35:18,192.168.17.24,192.168.9.51,138,138
29-Jan,02:35:18,192.168.17.24,192.168.10.60,138,138
29-Jan,02:38:36,192.168.17.24,192.168.9.51,138,138
29-Jan,02:38:36,192.168.17.24,192.168.10.60,138,138
29-Jan,02:38:36,192.168.17.24,192.168.9.51,138,138
29-Jan,02:38:36,192.168.17.24,192.168.10.60,138,138
29-Jan,02:41:34,192.168.17.24,192.168.9.51,138,138
29-Jan,02:41:34,192.168.17.24,192.168.10.60,138,138
29-Jan,02:41:34,192.168.17.24,192.168.9.51,138,138
29-Jan,02:41:34,192.168.17.24,192.168.10.60,138,138
29-Jan,02:44:30,192.168.17.24,192.168.9.51,138,138
29-Jan,02:44:30,192.168.17.24,192.168.10.60,138,138
29-Jan,02:44:30,192.168.17.24,192.168.9.51,138,138
29-Jan,02:44:30,192.168.17.24,192.168.10.60,138,138
29-Jan,02:47:31,192.168.17.24,192.168.9.51,138,138
29-Jan,02:47:31,192.168.17.24,192.168.10.60,138,138
29-Jan,02:47:31,192.168.17.24,192.168.9.51,138,138
29-Jan,02:47:31,192.168.17.24,192.168.10.60,138,138
29-Jan,02:50:40,192.168.17.24,192.168.9.51,138,138
29-Jan,02:50:40,192.168.17.24,192.168.10.60,138,138
29-Jan,02:50:40,192.168.17.24,192.168.9.51,138,138
29-Jan,02:50:40,192.168.17.24,192.168.10.60,138,138
29-Jan,02:53:44,192.168.17.24,192.168.9.51,138,138
29-Jan,02:53:44,192.168.17.24,192.168.10.60,138,138
29-Jan,02:53:44,192.168.17.24,192.168.9.51,138,138
29-Jan,02:53:44,192.168.17.24,192.168.10.60,138,138
29-Jan,02:56:43,192.168.17.24,192.168.9.51,138,138
29-Jan,02:56:43,192.168.17.24,192.168.10.60,138,138
29-Jan,02:56:43,192.168.17.24,192.168.9.51,138,138
29-Jan,02:56:43,192.168.17.24,192.168.10.60,138,138
29-Jan,02:59:39,192.168.17.24,192.168.9.51,138,138
29-Jan,02:59:39,192.168.17.24,192.168.10.60,138,138
29-Jan,02:59:39,192.168.17.24,192.168.9.51,138,138
29-Jan,02:59:39,192.168.17.24,192.168.10.60,138,138
29-Jan,03:02:40,192.168.17.24,192.168.9.51,138,138
29-Jan,03:02:40,192.168.17.24,192.168.10.60,138,138
29-Jan,03:02:40,192.168.17.24,192.168.9.51,138,138
29-Jan,03:02:40,192.168.17.24,192.168.10.60,138,138
29-Jan,03:05:58,192.168.17.24,192.168.9.51,138,138
29-Jan,03:05:58,192.168.17.24,192.168.10.60,138,138
29-Jan,03:05:58,192.168.17.24,192.168.9.51,138,138
29-Jan,03:05:58,192.168.17.24,192.168.10.60,138,138
29-Jan,03:08:57,192.168.17.24,192.168.9.51,138,138
29-Jan,03:08:57,192.168.17.24,192.168.10.60,138,138
29-Jan,03:08:57,192.168.17.24,192.168.9.51,138,138
29-Jan,03:08:57,192.168.17.24,192.168.10.60,138,138
29-Jan,03:11:53,192.168.17.24,192.168.9.51,138,138
29-Jan,03:11:53,192.168.17.24,192.168.10.60,138,138
29-Jan,03:11:53,192.168.17.24,192.168.9.51,138,138
29-Jan,03:11:53,192.168.17.24,192.168.10.60,138,138
29-Jan,03:14:54,192.168.17.24,192.168.9.51,138,138
29-Jan,03:14:54,192.168.17.24,192.168.10.60,138,138
29-Jan,03:14:54,192.168.17.24,192.168.9.51,138,138
29-Jan,03:14:54,192.168.17.24,192.168.10.60,138,138
29-Jan,03:18:12,192.168.17.24,192.168.9.51,138,138
29-Jan,03:18:12,192.168.17.24,192.168.10.60,138,138
29-Jan,03:18:12,192.168.17.24,192.168.9.51,138,138
29-Jan,03:18:12,192.168.17.24,192.168.10.60,138,138
29-Jan,03:21:09,192.168.17.24,192.168.9.51,138,138
29-Jan,03:21:09,192.168.17.24,192.168.10.60,138,138
29-Jan,03:21:09,192.168.17.24,192.168.9.51,138,138
29-Jan,03:21:09,192.168.17.24,192.168.10.60,138,138
29-Jan,03:24:08,192.168.17.24,192.168.9.51,138,138
29-Jan,03:24:08,192.168.17.24,192.168.10.60,138,138
29-Jan,03:24:08,192.168.17.24,192.168.9.51,138,138
29-Jan,03:24:08,192.168.17.24,192.168.10.60,138,138
29-Jan,03:27:08,192.168.17.24,192.168.9.51,138,138
29-Jan,03:27:08,192.168.17.24,192.168.10.60,138,138
29-Jan,03:27:08,192.168.17.24,192.168.9.51,138,138
29-Jan,03:27:08,192.168.17.24,192.168.10.60,138,138
29-Jan,03:30:20,192.168.17.24,192.168.9.51,138,138
29-Jan,03:30:20,192.168.17.24,192.168.10.60,138,138
29-Jan,03:30:20,192.168.17.24,192.168.9.51,138,138
29-Jan,03:30:20,192.168.17.24,192.168.10.60,138,138
29-Jan,03:33:25,192.168.17.24,192.168.9.51,138,138
29-Jan,03:33:25,192.168.17.24,192.168.10.60,138,138
29-Jan,03:33:25,192.168.17.24,192.168.9.51,138,138
29-Jan,03:33:25,192.168.17.24,192.168.10.60,138,138
29-Jan,03:36:20,192.168.17.24,192.168.9.51,138,138
29-Jan,03:36:20,192.168.17.24,192.168.10.60,138,138
29-Jan,03:36:20,192.168.17.24,192.168.9.51,138,138
29-Jan,03:36:20,192.168.17.24,192.168.10.60,138,138
29-Jan,03:39:21,192.168.17.24,192.168.9.51,138,138
29-Jan,03:39:21,192.168.17.24,192.168.10.60,138,138
29-Jan,03:39:21,192.168.17.24,192.168.9.51,138,138
29-Jan,03:39:21,192.168.17.24,192.168.10.60,138,138
29-Jan,03:42:30,192.168.17.24,192.168.9.51,138,138
29-Jan,03:42:30,192.168.17.24,192.168.10.60,138,138
29-Jan,03:42:30,192.168.17.24,192.168.9.51,138,138
29-Jan,03:42:30,192.168.17.24,192.168.10.60,138,138
29-Jan,03:45:34,192.168.17.24,192.168.9.51,138,138
29-Jan,03:45:34,192.168.17.24,192.168.10.60,138,138
29-Jan,03:45:34,192.168.17.24,192.168.9.51,138,138
29-Jan,03:45:34,192.168.17.24,192.168.10.60,138,138
29-Jan,03:48:34,192.168.17.24,192.168.9.51,138,138
29-Jan,03:48:34,192.168.17.24,192.168.10.60,138,138
29-Jan,03:48:34,192.168.17.24,192.168.9.51,138,138
29-Jan,03:48:34,192.168.17.24,192.168.10.60,138,138
29-Jan,03:51:29,192.168.17.24,192.168.9.51,138,138
29-Jan,03:51:29,192.168.17.24,192.168.10.60,138,138
29-Jan,03:51:29,192.168.17.24,192.168.9.51,138,138
29-Jan,03:51:29,192.168.17.24,192.168.10.60,138,138
29-Jan,03:54:28,192.168.17.24,192.168.9.51,138,138
29-Jan,03:54:28,192.168.17.24,192.168.10.60,138,138
29-Jan,03:54:28,192.168.17.24,192.168.9.51,138,138
29-Jan,03:54:28,192.168.17.24,192.168.10.60,138,138
29-Jan,03:57:38,192.168.17.24,192.168.9.51,138,138
29-Jan,03:57:38,192.168.17.24,192.168.10.60,138,138
29-Jan,03:57:38,192.168.17.24,192.168.9.51,138,138
29-Jan,03:57:38,192.168.17.24,192.168.10.60,138,138
29-Jan,04:00:28,192.168.17.24,192.168.9.51,138,138
29-Jan,04:00:28,192.168.17.24,192.168.10.60,138,138
29-Jan,04:00:28,192.168.17.24,192.168.9.51,138,138
29-Jan,04:00:28,192.168.17.24,192.168.10.60,138,138
29-Jan,04:03:38,192.168.17.24,192.168.9.51,138,138
29-Jan,04:03:38,192.168.17.24,192.168.10.60,138,138
29-Jan,04:03:38,192.168.17.24,192.168.9.51,138,138
29-Jan,04:03:38,192.168.17.24,192.168.10.60,138,138
29-Jan,04:06:37,192.168.17.24,192.168.9.51,138,138
29-Jan,04:06:37,192.168.17.24,192.168.10.60,138,138
29-Jan,04:06:37,192.168.17.24,192.168.9.51,138,138
29-Jan,04:06:37,192.168.17.24,192.168.10.60,138,138
29-Jan,04:09:37,192.168.17.24,192.168.9.51,138,138
29-Jan,04:09:37,192.168.17.24,192.168.10.60,138,138
29-Jan,04:09:37,192.168.17.24,192.168.9.51,138,138
29-Jan,04:09:37,192.168.17.24,192.168.10.60,138,138
29-Jan,04:12:37,192.168.17.24,192.168.9.51,138,138
29-Jan,04:12:37,192.168.17.24,192.168.10.60,138,138
29-Jan,04:12:37,192.168.17.24,192.168.9.51,138,138
29-Jan,04:12:37,192.168.17.24,192.168.10.60,138,138
29-Jan,04:15:52,192.168.17.24,192.168.9.51,138,138
29-Jan,04:15:52,192.168.17.24,192.168.10.60,138,138
29-Jan,04:15:52,192.168.17.24,192.168.9.51,138,138
29-Jan,04:15:52,192.168.17.24,192.168.10.60,138,138
29-Jan,04:18:51,192.168.17.24,192.168.9.51,138,138
29-Jan,04:18:51,192.168.17.24,192.168.10.60,138,138
29-Jan,04:18:51,192.168.17.24,192.168.9.51,138,138
29-Jan,04:18:51,192.168.17.24,192.168.10.60,138,138
29-Jan,04:21:46,192.168.17.24,192.168.9.51,138,138
29-Jan,04:21:46,192.168.17.24,192.168.10.60,138,138
29-Jan,04:21:46,192.168.17.24,192.168.9.51,138,138
29-Jan,04:21:46,192.168.17.24,192.168.10.60,138,138
29-Jan,04:24:47,192.168.17.24,192.168.9.51,138,138
29-Jan,04:24:47,192.168.17.24,192.168.10.60,138,138
29-Jan,04:24:47,192.168.17.24,192.168.9.51,138,138
29-Jan,04:24:47,192.168.17.24,192.168.10.60,138,138
29-Jan,04:28:05,192.168.17.24,192.168.9.51,138,138
29-Jan,04:28:05,192.168.17.24,192.168.10.60,138,138
29-Jan,04:28:05,192.168.17.24,192.168.9.51,138,138
29-Jan,04:28:05,192.168.17.24,192.168.10.60,138,138
29-Jan,04:31:04,192.168.17.24,192.168.9.51,138,138
29-Jan,04:31:04,192.168.17.24,192.168.10.60,138,138
29-Jan,04:31:04,192.168.17.24,192.168.9.51,138,138
29-Jan,04:31:04,192.168.17.24,192.168.10.60,138,138
29-Jan,04:34:00,192.168.17.24,192.168.9.51,138,138
29-Jan,04:34:00,192.168.17.24,192.168.10.60,138,138
29-Jan,04:34:00,192.168.17.24,192.168.9.51,138,138
29-Jan,04:34:00,192.168.17.24,192.168.10.60,138,138
29-Jan,04:37:00,192.168.17.24,192.168.9.51,138,138
29-Jan,04:37:00,192.168.17.24,192.168.10.60,138,138
29-Jan,04:37:00,192.168.17.24,192.168.9.51,138,138
29-Jan,04:37:00,192.168.17.24,192.168.10.60,138,138
29-Jan,04:40:19,192.168.17.24,192.168.9.51,138,138
29-Jan,04:40:19,192.168.17.24,192.168.10.60,138,138
29-Jan,04:40:19,192.168.17.24,192.168.9.51,138,138
29-Jan,04:40:19,192.168.17.24,192.168.10.60,138,138
29-Jan,04:43:19,192.168.17.24,192.168.9.51,138,138
29-Jan,04:43:19,192.168.17.24,192.168.10.60,138,138
29-Jan,04:43:19,192.168.17.24,192.168.9.51,138,138
29-Jan,04:43:19,192.168.17.24,192.168.10.60,138,138
29-Jan,04:46:14,192.168.17.24,192.168.9.51,138,138
29-Jan,04:46:14,192.168.17.24,192.168.10.60,138,138
29-Jan,04:46:14,192.168.17.24,192.168.9.51,138,138
29-Jan,04:46:14,192.168.17.24,192.168.10.60,138,138
29-Jan,04:49:14,192.168.17.24,192.168.9.51,138,138
29-Jan,04:49:14,192.168.17.24,192.168.10.60,138,138
29-Jan,04:49:14,192.168.17.24,192.168.9.51,138,138
29-Jan,04:49:14,192.168.17.24,192.168.10.60,138,138
29-Jan,04:52:33,192.168.17.24,192.168.9.51,138,138
29-Jan,04:52:33,192.168.17.24,192.168.10.60,138,138
29-Jan,04:52:33,192.168.17.24,192.168.9.51,138,138
29-Jan,04:52:33,192.168.17.24,192.168.10.60,138,138
29-Jan,04:55:33,192.168.17.24,192.168.9.51,138,138
29-Jan,04:55:33,192.168.17.24,192.168.10.60,138,138
29-Jan,04:55:33,192.168.17.24,192.168.9.51,138,138
29-Jan,04:55:33,192.168.17.24,192.168.10.60,138,138
29-Jan,04:58:29,192.168.17.24,192.168.9.51,138,138
29-Jan,04:58:29,192.168.17.24,192.168.10.60,138,138
29-Jan,04:58:29,192.168.17.24,192.168.9.51,138,138
29-Jan,04:58:29,192.168.17.24,192.168.10.60,138,138
29-Jan,05:01:30,192.168.17.24,192.168.9.51,138,138
29-Jan,05:01:30,192.168.17.24,192.168.10.60,138,138
29-Jan,05:01:30,192.168.17.24,192.168.9.51,138,138
29-Jan,05:01:30,192.168.17.24,192.168.10.60,138,138
29-Jan,05:04:47,192.168.17.24,192.168.9.51,138,138
29-Jan,05:04:47,192.168.17.24,192.168.10.60,138,138
29-Jan,05:04:47,192.168.17.24,192.168.9.51,138,138
29-Jan,05:04:47,192.168.17.24,192.168.10.60,138,138
29-Jan,05:07:47,192.168.17.24,192.168.9.51,138,138
29-Jan,05:07:47,192.168.17.24,192.168.10.60,138,138
29-Jan,05:07:47,192.168.17.24,192.168.9.51,138,138
29-Jan,05:07:47,192.168.17.24,192.168.10.60,138,138
29-Jan,05:10:41,192.168.17.24,192.168.9.51,138,138
29-Jan,05:10:41,192.168.17.24,192.168.10.60,138,138
29-Jan,05:10:41,192.168.17.24,192.168.9.51,138,138
29-Jan,05:10:41,192.168.17.24,192.168.10.60,138,138
29-Jan,05:13:43,192.168.17.24,192.168.9.51,138,138
29-Jan,05:13:43,192.168.17.24,192.168.10.60,138,138
29-Jan,05:13:43,192.168.17.24,192.168.9.51,138,138
29-Jan,05:13:43,192.168.17.24,192.168.10.60,138,138
29-Jan,05:17:01,192.168.17.24,192.168.9.51,138,138
29-Jan,05:17:01,192.168.17.24,192.168.10.60,138,138
29-Jan,05:17:01,192.168.17.24,192.168.9.51,138,138
29-Jan,05:17:01,192.168.17.24,192.168.10.60,138,138
29-Jan,05:20:00,192.168.17.24,192.168.9.51,138,138
29-Jan,05:20:00,192.168.17.24,192.168.10.60,138,138
29-Jan,05:20:00,192.168.17.24,192.168.9.51,138,138
29-Jan,05:20:00,192.168.17.24,192.168.10.60,138,138
29-Jan,05:22:57,192.168.17.24,192.168.9.51,138,138
29-Jan,05:22:57,192.168.17.24,192.168.10.60,138,138
29-Jan,05:22:57,192.168.17.24,192.168.9.51,138,138
29-Jan,05:22:57,192.168.17.24,192.168.10.60,138,138
29-Jan,05:25:57,192.168.17.24,192.168.9.51,138,138
29-Jan,05:25:57,192.168.17.24,192.168.10.60,138,138
29-Jan,05:25:57,192.168.17.24,192.168.9.51,138,138
29-Jan,05:25:57,192.168.17.24,192.168.10.60,138,138
29-Jan,05:29:15,192.168.17.24,192.168.9.51,138,138
29-Jan,05:29:15,192.168.17.24,192.168.10.60,138,138
29-Jan,05:29:15,192.168.17.24,192.168.9.51,138,138
29-Jan,05:29:15,192.168.17.24,192.168.10.60,138,138
29-Jan,05:32:14,192.168.17.24,192.168.9.51,138,138
29-Jan,05:32:14,192.168.17.24,192.168.10.60,138,138
29-Jan,05:32:14,192.168.17.24,192.168.9.51,138,138
29-Jan,05:32:14,192.168.17.24,192.168.10.60,138,138
29-Jan,05:35:15,192.168.17.24,192.168.9.51,138,138
29-Jan,05:35:15,192.168.17.24,192.168.10.60,138,138
29-Jan,05:35:15,192.168.17.24,192.168.9.51,138,138
29-Jan,05:35:15,192.168.17.24,192.168.10.60,138,138
29-Jan,05:38:24,192.168.17.24,192.168.9.51,138,138
29-Jan,05:38:24,192.168.17.24,192.168.10.60,138,138
29-Jan,05:38:24,192.168.17.24,192.168.9.51,138,138
29-Jan,05:38:24,192.168.17.24,192.168.10.60,138,138
29-Jan,05:41:23,192.168.17.24,192.168.9.51,138,138
29-Jan,05:41:23,192.168.17.24,192.168.10.60,138,138
29-Jan,05:41:23,192.168.17.24,192.168.9.51,138,138
29-Jan,05:41:23,192.168.17.24,192.168.10.60,138,138
29-Jan,05:44:28,192.168.17.24,192.168.9.51,138,138
29-Jan,05:44:28,192.168.17.24,192.168.10.60,138,138
29-Jan,05:44:28,192.168.17.24,192.168.9.51,138,138
29-Jan,05:44:28,192.168.17.24,192.168.10.60,138,138
29-Jan,05:47:23,192.168.17.24,192.168.9.51,138,138
29-Jan,05:47:23,192.168.17.24,192.168.10.60,138,138
29-Jan,05:47:23,192.168.17.24,192.168.9.51,138,138
29-Jan,05:47:23,192.168.17.24,192.168.10.60,138,138
29-Jan,05:50:24,192.168.17.24,192.168.9.51,138,138
29-Jan,05:50:24,192.168.17.24,192.168.10.60,138,138
29-Jan,05:50:24,192.168.17.24,192.168.9.51,138,138
29-Jan,05:50:24,192.168.17.24,192.168.10.60,138,138
29-Jan,05:53:33,192.168.17.24,192.168.9.51,138,138
29-Jan,05:53:33,192.168.17.24,192.168.10.60,138,138
29-Jan,05:53:33,192.168.17.24,192.168.9.51,138,138
29-Jan,05:53:33,192.168.17.24,192.168.10.60,138,138
29-Jan,05:56:37,192.168.17.24,192.168.9.51,138,138
29-Jan,05:56:37,192.168.17.24,192.168.10.60,138,138
29-Jan,05:56:37,192.168.17.24,192.168.9.51,138,138
29-Jan,05:56:37,192.168.17.24,192.168.10.60,138,138
29-Jan,05:59:28,192.168.17.24,192.168.9.51,138,138
29-Jan,05:59:28,192.168.17.24,192.168.10.60,138,138
29-Jan,05:59:28,192.168.17.24,192.168.9.51,138,138
29-Jan,05:59:28,192.168.17.24,192.168.10.60,138,138
29-Jan,06:02:32,192.168.17.24,192.168.9.51,138,138
29-Jan,06:02:32,192.168.17.24,192.168.10.60,138,138
29-Jan,06:02:32,192.168.17.24,192.168.9.51,138,138
29-Jan,06:02:32,192.168.17.24,192.168.10.60,138,138
29-Jan,06:05:27,192.168.17.24,192.168.9.51,138,138
29-Jan,06:05:27,192.168.17.24,192.168.10.60,138,138
29-Jan,06:05:27,192.168.17.24,192.168.9.51,138,138
29-Jan,06:05:27,192.168.17.24,192.168.10.60,138,138
29-Jan,06:08:28,192.168.17.24,192.168.9.51,138,138
29-Jan,06:08:28,192.168.17.24,192.168.10.60,138,138
29-Jan,06:08:28,192.168.17.24,192.168.9.51,138,138
29-Jan,06:08:28,192.168.17.24,192.168.10.60,138,138
29-Jan,06:11:41,192.168.17.24,192.168.9.51,138,138
29-Jan,06:11:41,192.168.17.24,192.168.10.60,138,138
29-Jan,06:11:41,192.168.17.24,192.168.9.51,138,138
29-Jan,06:11:41,192.168.17.24,192.168.10.60,138,138
29-Jan,06:14:41,192.168.17.24,192.168.9.51,138,138
29-Jan,06:14:41,192.168.17.24,192.168.10.60,138,138
29-Jan,06:14:41,192.168.17.24,192.168.9.51,138,138
29-Jan,06:14:41,192.168.17.24,192.168.10.60,138,138
29-Jan,06:17:40,192.168.17.24,192.168.9.51,138,138
29-Jan,06:17:40,192.168.17.24,192.168.10.60,138,138
29-Jan,06:17:40,192.168.17.24,192.168.9.51,138,138
29-Jan,06:17:40,192.168.17.24,192.168.10.60,138,138
29-Jan,06:20:42,192.168.17.24,192.168.9.51,138,138
29-Jan,06:20:42,192.168.17.24,192.168.10.60,138,138
29-Jan,06:20:42,192.168.17.24,192.168.9.51,138,138
29-Jan,06:20:42,192.168.17.24,192.168.10.60,138,138
29-Jan,06:23:51,192.168.17.24,192.168.9.51,138,138
29-Jan,06:23:51,192.168.17.24,192.168.10.60,138,138
29-Jan,06:23:51,192.168.17.24,192.168.9.51,138,138
29-Jan,06:23:51,192.168.17.24,192.168.10.60,138,138
29-Jan,06:26:55,192.168.17.24,192.168.9.51,138,138
29-Jan,06:26:55,192.168.17.24,192.168.10.60,138,138
29-Jan,06:26:55,192.168.17.24,192.168.9.51,138,138
29-Jan,06:26:55,192.168.17.24,192.168.10.60,138,138
29-Jan,06:29:54,192.168.17.24,192.168.9.51,138,138
29-Jan,06:29:54,192.168.17.24,192.168.10.60,138,138
29-Jan,06:29:54,192.168.17.24,192.168.9.51,138,138
29-Jan,06:29:54,192.168.17.24,192.168.10.60,138,138
29-Jan,06:32:49,192.168.17.24,192.168.9.51,138,138
29-Jan,06:32:49,192.168.17.24,192.168.10.60,138,138
29-Jan,06:32:49,192.168.17.24,192.168.9.51,138,138
29-Jan,06:32:49,192.168.17.24,192.168.10.60,138,138
29-Jan,06:35:50,192.168.17.24,192.168.9.51,138,138
29-Jan,06:35:50,192.168.17.24,192.168.10.60,138,138
29-Jan,06:35:50,192.168.17.24,192.168.9.51,138,138
29-Jan,06:35:50,192.168.17.24,192.168.10.60,138,138
29-Jan,06:38:58,192.168.17.24,192.168.9.51,138,138
29-Jan,06:38:58,192.168.17.24,192.168.10.60,138,138
29-Jan,06:38:58,192.168.17.24,192.168.9.51,138,138
29-Jan,06:38:58,192.168.17.24,192.168.10.60,138,138
29-Jan,06:41:57,192.168.17.24,192.168.9.51,138,138
29-Jan,06:41:57,192.168.17.24,192.168.10.60,138,138
29-Jan,06:41:57,192.168.17.24,192.168.9.51,138,138
29-Jan,06:41:57,192.168.17.24,192.168.10.60,138,138
29-Jan,06:45:03,192.168.17.24,192.168.9.51,138,138
29-Jan,06:45:03,192.168.17.24,192.168.10.60,138,138
29-Jan,06:45:03,192.168.17.24,192.168.9.51,138,138
29-Jan,06:45:03,192.168.17.24,192.168.10.60,138,138
29-Jan,06:47:58,192.168.17.24,192.168.9.51,138,138
29-Jan,06:47:58,192.168.17.24,192.168.10.60,138,138
29-Jan,06:47:58,192.168.17.24,192.168.9.51,138,138
29-Jan,06:47:58,192.168.17.24,192.168.10.60,138,138
29-Jan,06:50:59,192.168.17.24,192.168.9.51,138,138
29-Jan,06:50:59,192.168.17.24,192.168.10.60,138,138
29-Jan,06:50:59,192.168.17.24,192.168.9.51,138,138
29-Jan,06:50:59,192.168.17.24,192.168.10.60,138,138
29-Jan,06:54:17,192.168.17.24,192.168.9.51,138,138
29-Jan,06:54:17,192.168.17.24,192.168.10.60,138,138
29-Jan,06:54:17,192.168.17.24,192.168.9.51,138,138
29-Jan,06:54:17,192.168.17.24,192.168.10.60,138,138
29-Jan,06:57:17,192.168.17.24,192.168.9.51,138,138
29-Jan,06:57:17,192.168.17.24,192.168.10.60,138,138
29-Jan,06:57:17,192.168.17.24,192.168.9.51,138,138
29-Jan,06:57:17,192.168.17.24,192.168.10.60,138,138
29-Jan,07:00:12,192.168.17.24,192.168.9.51,138,138
29-Jan,07:00:12,192.168.17.24,192.168.10.60,138,138
29-Jan,07:00:12,192.168.17.24,192.168.9.51,138,138
29-Jan,07:00:12,192.168.17.24,192.168.10.60,138,138
29-Jan,07:03:13,192.168.17.24,192.168.9.51,138,138
29-Jan,07:03:13,192.168.17.24,192.168.10.60,138,138
29-Jan,07:03:13,192.168.17.24,192.168.9.51,138,138
29-Jan,07:03:13,192.168.17.24,192.168.10.60,138,138
29-Jan,07:06:25,192.168.17.24,192.168.9.51,138,138
29-Jan,07:06:25,192.168.17.24,192.168.10.60,138,138
29-Jan,07:06:25,192.168.17.24,192.168.9.51,138,138
29-Jan,07:06:25,192.168.17.24,192.168.10.60,138,138
29-Jan,07:09:31,192.168.17.24,192.168.9.51,138,138
29-Jan,07:09:31,192.168.17.24,192.168.10.60,138,138
29-Jan,07:09:31,192.168.17.24,192.168.9.51,138,138
29-Jan,07:09:31,192.168.17.24,192.168.10.60,138,138
29-Jan,07:12:26,192.168.17.24,192.168.9.51,138,138
29-Jan,07:12:26,192.168.17.24,192.168.10.60,138,138
29-Jan,07:12:26,192.168.17.24,192.168.9.51,138,138
29-Jan,07:12:26,192.168.17.24,192.168.10.60,138,138
29-Jan,07:15:27,192.168.17.24,192.168.9.51,138,138
29-Jan,07:15:27,192.168.17.24,192.168.10.60,138,138
29-Jan,07:15:27,192.168.17.24,192.168.9.51,138,138
29-Jan,07:15:27,192.168.17.24,192.168.10.60,138,138
29-Jan,07:18:41,192.168.17.24,192.168.9.51,138,138
29-Jan,07:18:41,192.168.17.24,192.168.10.60,138,138
29-Jan,07:18:41,192.168.17.24,192.168.9.51,138,138
29-Jan,07:18:41,192.168.17.24,192.168.10.60,138,138
29-Jan,07:21:45,192.168.17.24,192.168.9.51,138,138
29-Jan,07:21:45,192.168.17.24,192.168.10.60,138,138
29-Jan,07:21:45,192.168.17.24,192.168.9.51,138,138
29-Jan,07:21:45,192.168.17.24,192.168.10.60,138,138
29-Jan,07:24:45,192.168.17.24,192.168.9.51,138,138
29-Jan,07:24:45,192.168.17.24,192.168.10.60,138,138
29-Jan,07:24:45,192.168.17.24,192.168.9.51,138,138
29-Jan,07:24:45,192.168.17.24,192.168.10.60,138,138
29-Jan,07:27:54,192.168.17.24,192.168.9.51,138,138
29-Jan,07:27:54,192.168.17.24,192.168.10.60,138,138
29-Jan,07:27:54,192.168.17.24,192.168.9.51,138,138
29-Jan,07:27:54,192.168.17.24,192.168.10.60,138,138
29-Jan,07:30:59,192.168.17.24,192.168.9.51,138,138
29-Jan,07:30:59,192.168.17.24,192.168.10.60,138,138
29-Jan,07:30:59,192.168.17.24,192.168.9.51,138,138
29-Jan,07:30:59,192.168.17.24,192.168.10.60,138,138
29-Jan,07:33:59,192.168.17.24,192.168.9.51,138,138
29-Jan,07:33:59,192.168.17.24,192.168.10.60,138,138
29-Jan,07:33:59,192.168.17.24,192.168.9.51,138,138
29-Jan,07:33:59,192.168.17.24,192.168.10.60,138,138
29-Jan,07:36:55,192.168.17.24,192.168.9.51,138,138
29-Jan,07:36:55,192.168.17.24,192.168.10.60,138,138
29-Jan,07:36:55,192.168.17.24,192.168.9.51,138,138
29-Jan,07:36:55,192.168.17.24,192.168.10.60,138,138
29-Jan,07:39:55,192.168.17.24,192.168.9.51,138,138
29-Jan,07:39:55,192.168.17.24,192.168.10.60,138,138
29-Jan,07:39:55,192.168.17.24,192.168.9.51,138,138
29-Jan,07:39:55,192.168.17.24,192.168.10.60,138,138
29-Jan,07:43:07,192.168.17.24,192.168.9.51,138,138
29-Jan,07:43:07,192.168.17.24,192.168.10.60,138,138
29-Jan,07:43:07,192.168.17.24,192.168.9.51,138,138
29-Jan,07:43:07,192.168.17.24,192.168.10.60,138,138
29-Jan,07:46:12,192.168.17.24,192.168.9.51,138,138
29-Jan,07:46:12,192.168.17.24,192.168.10.60,138,138
29-Jan,07:46:12,192.168.17.24,192.168.9.51,138,138
29-Jan,07:46:12,192.168.17.24,192.168.10.60,138,138
29-Jan,07:49:09,192.168.17.24,192.168.9.51,138,138
29-Jan,07:49:09,192.168.17.24,192.168.10.60,138,138
29-Jan,07:49:09,192.168.17.24,192.168.9.51,138,138
29-Jan,07:49:09,192.168.17.24,192.168.10.60,138,138
29-Jan,07:52:09,192.168.17.24,192.168.9.51,138,138
29-Jan,07:52:09,192.168.17.24,192.168.10.60,138,138
29-Jan,07:52:09,192.168.17.24,192.168.9.51,138,138
29-Jan,07:52:09,192.168.17.24,192.168.10.60,138,138
29-Jan,07:55:27,192.168.17.24,192.168.9.51,138,138
29-Jan,07:55:27,192.168.17.24,192.168.10.60,138,138
29-Jan,07:55:27,192.168.17.24,192.168.9.51,138,138
29-Jan,07:55:27,192.168.17.24,192.168.10.60,138,138
29-Jan,07:58:26,192.168.17.24,192.168.9.51,138,138
29-Jan,07:58:26,192.168.17.24,192.168.10.60,138,138
29-Jan,07:58:26,192.168.17.24,192.168.9.51,138,138
29-Jan,07:58:26,192.168.17.24,192.168.10.60,138,138
29-Jan,08:01:23,192.168.17.24,192.168.9.51,138,138
29-Jan,08:01:23,192.168.17.24,192.168.10.60,138,138
29-Jan,08:01:23,192.168.17.24,192.168.9.51,138,138
29-Jan,08:01:23,192.168.17.24,192.168.10.60,138,138
29-Jan,08:04:23,192.168.17.24,192.168.9.51,138,138
29-Jan,08:04:23,192.168.17.24,192.168.10.60,138,138
29-Jan,08:04:23,192.168.17.24,192.168.9.51,138,138
29-Jan,08:04:23,192.168.17.24,192.168.10.60,138,138
29-Jan,08:07:25,192.168.17.24,192.168.9.51,138,138
29-Jan,08:07:25,192.168.17.24,192.168.10.60,138,138
29-Jan,08:07:25,192.168.17.24,192.168.9.51,138,138
29-Jan,08:07:25,192.168.17.24,192.168.10.60,138,138
29-Jan,08:10:35,192.168.17.24,192.168.9.51,138,138
29-Jan,08:10:35,192.168.17.24,192.168.10.60,138,138
29-Jan,08:10:35,192.168.17.24,192.168.9.51,138,138
29-Jan,08:10:35,192.168.17.24,192.168.10.60,138,138
29-Jan,08:13:35,192.168.17.24,192.168.9.51,138,138
29-Jan,08:13:35,192.168.17.24,192.168.10.60,138,138
29-Jan,08:13:35,192.168.17.24,192.168.9.51,138,138
29-Jan,08:13:35,192.168.17.24,192.168.10.60,138,138
29-Jan,08:16:30,192.168.17.24,192.168.9.51,138,138
29-Jan,08:16:30,192.168.17.24,192.168.10.60,138,138
29-Jan,08:16:30,192.168.17.24,192.168.9.51,138,138
29-Jan,08:16:30,192.168.17.24,192.168.10.60,138,138
29-Jan,08:19:31,192.168.17.24,192.168.9.51,138,138
29-Jan,08:19:31,192.168.17.24,192.168.10.60,138,138
29-Jan,08:19:31,192.168.17.24,192.168.9.51,138,138
29-Jan,08:19:31,192.168.17.24,192.168.10.60,138,138
29-Jan,08:22:41,192.168.17.24,192.168.9.51,138,138
29-Jan,08:22:41,192.168.17.24,192.168.10.60,138,138
29-Jan,08:22:41,192.168.17.24,192.168.9.51,138,138
29-Jan,08:22:41,192.168.17.24,192.168.10.60,138,138
29-Jan,08:25:49,192.168.17.24,192.168.9.51,138,138
29-Jan,08:25:49,192.168.17.24,192.168.10.60,138,138
29-Jan,08:25:49,192.168.17.24,192.168.9.51,138,138
29-Jan,08:25:49,192.168.17.24,192.168.10.60,138,138
29-Jan,08:28:44,192.168.17.24,192.168.9.51,138,138
29-Jan,08:28:44,192.168.17.24,192.168.10.60,138,138
29-Jan,08:28:44,192.168.17.24,192.168.9.51,138,138
29-Jan,08:28:44,192.168.17.24,192.168.10.60,138,138
29-Jan,08:31:45,192.168.17.24,192.168.9.51,138,138
29-Jan,08:31:45,192.168.17.24,192.168.10.60,138,138
29-Jan,08:31:45,192.168.17.24,192.168.9.51,138,138
29-Jan,08:31:45,192.168.17.24,192.168.10.60,138,138
29-Jan,08:34:57,192.168.17.24,192.168.9.51,138,138
29-Jan,08:34:57,192.168.17.24,192.168.10.60,138,138
29-Jan,08:34:57,192.168.17.24,192.168.9.51,138,138
29-Jan,08:34:57,192.168.17.24,192.168.10.60,138,138
29-Jan,08:38:03,192.168.17.24,192.168.9.51,138,138
29-Jan,08:38:03,192.168.17.24,192.168.10.60,138,138
29-Jan,08:38:03,192.168.17.24,192.168.9.51,138,138
29-Jan,08:38:03,192.168.17.24,192.168.10.60,138,138
29-Jan,08:40:58,192.168.17.24,192.168.9.51,138,138
29-Jan,08:40:58,192.168.17.24,192.168.10.60,138,138
29-Jan,08:40:58,192.168.17.24,192.168.9.51,138,138
29-Jan,08:40:58,192.168.17.24,192.168.10.60,138,138
29-Jan,08:43:59,192.168.17.24,192.168.9.51,138,138
29-Jan,08:43:59,192.168.17.24,192.168.10.60,138,138
29-Jan,08:43:59,192.168.17.24,192.168.9.51,138,138
29-Jan,08:43:59,192.168.17.24,192.168.10.60,138,138
29-Jan,08:47:17,192.168.17.24,192.168.9.51,138,138
29-Jan,08:47:17,192.168.17.24,192.168.10.60,138,138
29-Jan,08:47:17,192.168.17.24,192.168.9.51,138,138
29-Jan,08:47:17,192.168.17.24,192.168.10.60,138,138
29-Jan,08:50:17,192.168.17.24,192.168.9.51,138,138
29-Jan,08:50:17,192.168.17.24,192.168.10.60,138,138
29-Jan,08:50:17,192.168.17.24,192.168.9.51,138,138
29-Jan,08:50:17,192.168.17.24,192.168.10.60,138,138
29-Jan,08:53:16,192.168.17.24,192.168.9.51,138,138
29-Jan,08:53:16,192.168.17.24,192.168.10.60,138,138
29-Jan,08:53:16,192.168.17.24,192.168.9.51,138,138
29-Jan,08:53:16,192.168.17.24,192.168.10.60,138,138
29-Jan,08:56:26,192.168.17.24,192.168.9.51,138,138
29-Jan,08:56:26,192.168.17.24,192.168.10.60,138,138
29-Jan,08:56:26,192.168.17.24,192.168.9.51,138,138
29-Jan,08:56:26,192.168.17.24,192.168.10.60,138,138
29-Jan,08:59:31,192.168.17.24,192.168.9.51,138,138
29-Jan,08:59:31,192.168.17.24,192.168.10.60,138,138
29-Jan,08:59:31,192.168.17.24,192.168.9.51,138,138
29-Jan,08:59:31,192.168.17.24,192.168.10.60,138,138
29-Jan,09:02:30,192.168.17.24,192.168.9.51,138,138
29-Jan,09:02:30,192.168.17.24,192.168.10.60,138,138
29-Jan,09:02:30,192.168.17.24,192.168.9.51,138,138
29-Jan,09:02:30,192.168.17.24,192.168.10.60,138,138
29-Jan,09:05:27,192.168.17.24,192.168.9.51,138,138
29-Jan,09:05:27,192.168.17.24,192.168.10.60,138,138
29-Jan,09:05:27,192.168.17.24,192.168.9.51,138,138
29-Jan,09:05:27,192.168.17.24,192.168.10.60,138,138
29-Jan,09:08:27,192.168.17.24,192.168.9.51,138,138
29-Jan,09:08:27,192.168.17.24,192.168.10.60,138,138
29-Jan,09:08:27,192.168.17.24,192.168.9.51,138,138
29-Jan,09:08:27,192.168.17.24,192.168.10.60,138,138
29-Jan,09:11:26,192.168.17.24,192.168.9.51,138,138
29-Jan,09:11:26,192.168.17.24,192.168.10.60,138,138
29-Jan,09:11:26,192.168.17.24,192.168.9.51,138,138
29-Jan,09:11:26,192.168.17.24,192.168.10.60,138,138
29-Jan,09:14:40,192.168.17.24,192.168.9.51,138,138
29-Jan,09:14:40,192.168.17.24,192.168.10.60,138,138
29-Jan,09:14:40,192.168.17.24,192.168.9.51,138,138
29-Jan,09:14:40,192.168.17.24,192.168.10.60,138,138
29-Jan,09:17:39,192.168.17.24,192.168.9.51,138,138
29-Jan,09:17:39,192.168.17.24,192.168.10.60,138,138
29-Jan,09:17:39,192.168.17.24,192.168.9.51,138,138
29-Jan,09:17:39,192.168.17.24,192.168.10.60,138,138
29-Jan,09:20:34,192.168.17.24,192.168.9.51,138,138
29-Jan,09:20:34,192.168.17.24,192.168.10.60,138,138
29-Jan,09:20:34,192.168.17.24,192.168.9.51,138,138
29-Jan,09:20:34,192.168.17.24,192.168.10.60,138,138
29-Jan,09:23:35,192.168.17.24,192.168.9.51,138,138
29-Jan,09:23:35,192.168.17.24,192.168.10.60,138,138
29-Jan,09:23:35,192.168.17.24,192.168.9.51,138,138
29-Jan,09:23:35,192.168.17.24,192.168.10.60,138,138
29-Jan,09:26:52,192.168.17.24,192.168.9.51,138,138
29-Jan,09:26:52,192.168.17.24,192.168.10.60,138,138
29-Jan,09:26:52,192.168.17.24,192.168.9.51,138,138
29-Jan,09:26:52,192.168.17.24,192.168.10.60,138,138
29-Jan,09:29:53,192.168.17.24,192.168.9.51,138,138
29-Jan,09:29:53,192.168.17.24,192.168.10.60,138,138
29-Jan,09:29:53,192.168.17.24,192.168.9.51,138,138
29-Jan,09:29:53,192.168.17.24,192.168.10.60,138,138
29-Jan,09:32:48,192.168.17.24,192.168.9.51,138,138
29-Jan,09:32:48,192.168.17.24,192.168.10.60,138,138
29-Jan,09:32:48,192.168.17.24,192.168.9.51,138,138
29-Jan,09:32:48,192.168.17.24,192.168.10.60,138,138
29-Jan,09:35:47,192.168.17.24,192.168.9.51,138,138
29-Jan,09:35:47,192.168.17.24,192.168.10.60,138,138
29-Jan,09:35:47,192.168.17.24,192.168.9.51,138,138
29-Jan,09:35:47,192.168.17.24,192.168.10.60,138,138
29-Jan,09:39:01,192.168.17.24,192.168.9.51,138,138
29-Jan,09:39:01,192.168.17.24,192.168.10.60,138,138
29-Jan,09:39:01,192.168.17.24,192.168.9.51,138,138
29-Jan,09:39:01,192.168.17.24,192.168.10.60,138,138
29-Jan,09:42:07,192.168.17.24,192.168.9.51,138,138
29-Jan,09:42:07,192.168.17.24,192.168.10.60,138,138
29-Jan,09:42:07,192.168.17.24,192.168.9.51,138,138
29-Jan,09:42:07,192.168.17.24,192.168.10.60,138,138
29-Jan,09:45:02,192.168.17.24,192.168.9.51,138,138
29-Jan,09:45:02,192.168.17.24,192.168.10.60,138,138
29-Jan,09:45:02,192.168.17.24,192.168.9.51,138,138
29-Jan,09:45:02,192.168.17.24,192.168.10.60,138,138
29-Jan,09:48:03,192.168.17.24,192.168.9.51,138,138
29-Jan,09:48:03,192.168.17.24,192.168.10.60,138,138
29-Jan,09:48:03,192.168.17.24,192.168.9.51,138,138
29-Jan,09:48:03,192.168.17.24,192.168.10.60,138,138
29-Jan,09:51:21,192.168.17.24,192.168.9.51,138,138
29-Jan,09:51:21,192.168.17.24,192.168.10.60,138,138
29-Jan,09:51:21,192.168.17.24,192.168.9.51,138,138
29-Jan,09:51:21,192.168.17.24,192.168.10.60,138,138
29-Jan,09:54:21,192.168.17.24,192.168.9.51,138,138
29-Jan,09:54:21,192.168.17.24,192.168.10.60,138,138
29-Jan,09:54:21,192.168.17.24,192.168.9.51,138,138
29-Jan,09:54:21,192.168.17.24,192.168.10.60,138,138
29-Jan,09:57:21,192.168.17.24,192.168.9.51,138,138
29-Jan,09:57:21,192.168.17.24,192.168.10.60,138,138
29-Jan,09:57:21,192.168.17.24,192.168.9.51,138,138
29-Jan,09:57:21,192.168.17.24,192.168.10.60,138,138
29-Jan,10:00:30,192.168.17.24,192.168.9.51,138,138
29-Jan,10:00:30,192.168.17.24,192.168.10.60,138,138
29-Jan,10:00:30,192.168.17.24,192.168.9.51,138,138
29-Jan,10:00:30,192.168.17.24,192.168.10.60,138,138
29-Jan,10:03:35,192.168.17.24,192.168.9.51,138,138
29-Jan,10:03:35,192.168.17.24,192.168.10.60,138,138
29-Jan,10:03:35,192.168.17.24,192.168.9.51,138,138
29-Jan,10:03:35,192.168.17.24,192.168.10.60,138,138
29-Jan,10:06:35,192.168.17.24,192.168.9.51,138,138
29-Jan,10:06:35,192.168.17.24,192.168.10.60,138,138
29-Jan,10:06:35,192.168.17.24,192.168.9.51,138,138
29-Jan,10:06:35,192.168.17.24,192.168.10.60,138,138
29-Jan,10:09:30,192.168.17.24,192.168.9.51,138,138
29-Jan,10:09:30,192.168.17.24,192.168.10.60,138,138
29-Jan,10:09:30,192.168.17.24,192.168.9.51,138,138
29-Jan,10:09:30,192.168.17.24,192.168.10.60,138,138
29-Jan,10:12:31,192.168.17.24,192.168.9.51,138,138
29-Jan,10:12:31,192.168.17.24,192.168.10.60,138,138
29-Jan,10:12:31,192.168.17.24,192.168.9.51,138,138
29-Jan,10:12:31,192.168.17.24,192.168.10.60,138,138
29-Jan,10:15:31,192.168.17.24,192.168.9.51,138,138
29-Jan,10:15:31,192.168.17.24,192.168.10.60,138,138
29-Jan,10:15:31,192.168.17.24,192.168.9.51,138,138
29-Jan,10:15:31,192.168.17.24,192.168.10.60,138,138
29-Jan,10:18:44,192.168.17.24,192.168.9.51,138,138
29-Jan,10:18:44,192.168.17.24,192.168.10.60,138,138
29-Jan,10:18:44,192.168.17.24,192.168.9.51,138,138
29-Jan,10:18:44,192.168.17.24,192.168.10.60,138,138
29-Jan,10:21:43,192.168.17.24,192.168.9.51,138,138
29-Jan,10:21:43,192.168.17.24,192.168.10.60,138,138
29-Jan,10:21:43,192.168.17.24,192.168.9.51,138,138
29-Jan,10:21:43,192.168.17.24,192.168.10.60,138,138
29-Jan,10:24:40,192.168.17.24,192.168.9.51,138,138
29-Jan,10:24:40,192.168.17.24,192.168.10.60,138,138
29-Jan,10:24:40,192.168.17.24,192.168.9.51,138,138
29-Jan,10:24:40,192.168.17.24,192.168.10.60,138,138
29-Jan,10:27:40,192.168.17.24,192.168.9.51,138,138
29-Jan,10:27:40,192.168.17.24,192.168.10.60,138,138
29-Jan,10:27:40,192.168.17.24,192.168.9.51,138,138
29-Jan,10:27:40,192.168.17.24,192.168.10.60,138,138
29-Jan,10:30:52,192.168.17.24,192.168.9.51,138,138
29-Jan,10:30:52,192.168.17.24,192.168.10.60,138,138
29-Jan,10:30:52,192.168.17.24,192.168.9.51,138,138
29-Jan,10:30:52,192.168.17.24,192.168.10.60,138,138
29-Jan,10:33:52,192.168.17.24,192.168.9.51,138,138
29-Jan,10:33:52,192.168.17.24,192.168.10.60,138,138
29-Jan,10:33:52,192.168.17.24,192.168.9.51,138,138
29-Jan,10:33:52,192.168.17.24,192.168.10.60,138,138
29-Jan,10:36:51,192.168.17.24,192.168.9.51,138,138
29-Jan,10:36:51,192.168.17.24,192.168.10.60,138,138
29-Jan,10:36:51,192.168.17.24,192.168.9.51,138,138
29-Jan,10:36:51,192.168.17.24,192.168.10.60,138,138
29-Jan,10:39:47,192.168.17.24,192.168.9.51,138,138
29-Jan,10:39:47,192.168.17.24,192.168.10.60,138,138
29-Jan,10:39:47,192.168.17.24,192.168.9.51,138,138
29-Jan,10:39:47,192.168.17.24,192.168.10.60,138,138
29-Jan,10:42:48,192.168.17.24,192.168.9.51,138,138
29-Jan,10:42:48,192.168.17.24,192.168.10.60,138,138
29-Jan,10:42:48,192.168.17.24,192.168.9.51,138,138
29-Jan,10:42:48,192.168.17.24,192.168.10.60,138,138
29-Jan,10:46:06,192.168.17.24,192.168.9.51,138,138
29-Jan,10:46:06,192.168.17.24,192.168.10.60,138,138
29-Jan,10:46:06,192.168.17.24,192.168.9.51,138,138
29-Jan,10:46:06,192.168.17.24,192.168.10.60,138,138
29-Jan,10:49:06,192.168.17.24,192.168.9.51,138,138
29-Jan,10:49:06,192.168.17.24,192.168.10.60,138,138
29-Jan,10:49:06,192.168.17.24,192.168.9.51,138,138
29-Jan,10:49:06,192.168.17.24,192.168.10.60,138,138
29-Jan,10:52:06,192.168.17.24,192.168.9.51,138,138
29-Jan,10:52:06,192.168.17.24,192.168.10.60,138,138
29-Jan,10:52:06,192.168.17.24,192.168.9.51,138,138
29-Jan,10:52:06,192.168.17.24,192.168.10.60,138,138
29-Jan,10:55:15,192.168.17.24,192.168.9.51,138,138
29-Jan,10:55:15,192.168.17.24,192.168.10.60,138,138
29-Jan,10:55:15,192.168.17.24,192.168.9.51,138,138
29-Jan,10:55:15,192.168.17.24,192.168.10.60,138,138
29-Jan,10:58:20,192.168.17.24,192.168.9.51,138,138
29-Jan,10:58:20,192.168.17.24,192.168.10.60,138,138
29-Jan,10:58:20,192.168.17.24,192.168.9.51,138,138
29-Jan,10:58:20,192.168.17.24,192.168.10.60,138,138
29-Jan,11:01:19,192.168.17.24,192.168.9.51,138,138
29-Jan,11:01:19,192.168.17.24,192.168.10.60,138,138
29-Jan,11:01:19,192.168.17.24,192.168.9.51,138,138
29-Jan,11:01:19,192.168.17.24,192.168.10.60,138,138
29-Jan,11:04:15,192.168.17.24,192.168.9.51,138,138
29-Jan,11:04:15,192.168.17.24,192.168.10.60,138,138
29-Jan,11:04:15,192.168.17.24,192.168.9.51,138,138
29-Jan,11:04:15,192.168.17.24,192.168.10.60,138,138
29-Jan,11:07:16,192.168.17.24,192.168.9.51,138,138
29-Jan,11:07:16,192.168.17.24,192.168.10.60,138,138
29-Jan,11:07:16,192.168.17.24,192.168.9.51,138,138
29-Jan,11:07:16,192.168.17.24,192.168.10.60,138,138
29-Jan,11:10:34,192.168.17.24,192.168.9.51,138,138
29-Jan,11:10:34,192.168.17.24,192.168.10.60,138,138
29-Jan,11:10:34,192.168.17.24,192.168.9.51,138,138
29-Jan,11:10:34,192.168.17.24,192.168.10.60,138,138
29-Jan,11:13:34,192.168.17.24,192.168.9.51,138,138
29-Jan,11:13:34,192.168.17.24,192.168.10.60,138,138
29-Jan,11:13:34,192.168.17.24,192.168.9.51,138,138
29-Jan,11:13:34,192.168.17.24,192.168.10.60,138,138
29-Jan,11:16:28,192.168.17.24,192.168.9.51,138,138
29-Jan,11:16:28,192.168.17.24,192.168.10.60,138,138
29-Jan,11:16:28,192.168.17.24,192.168.9.51,138,138
29-Jan,11:16:28,192.168.17.24,192.168.10.60,138,138
29-Jan,11:19:30,192.168.17.24,192.168.9.51,138,138
29-Jan,11:19:30,192.168.17.24,192.168.10.60,138,138
29-Jan,11:19:30,192.168.17.24,192.168.9.51,138,138
29-Jan,11:19:30,192.168.17.24,192.168.10.60,138,138
29-Jan,11:22:48,192.168.17.24,192.168.9.51,138,138
29-Jan,11:22:48,192.168.17.24,192.168.10.60,138,138
29-Jan,11:22:48,192.168.17.24,192.168.9.51,138,138
29-Jan,11:22:48,192.168.17.24,192.168.10.60,138,138
29-Jan,11:25:48,192.168.17.24,192.168.9.51,138,138
29-Jan,11:25:48,192.168.17.24,192.168.10.60,138,138
29-Jan,11:25:48,192.168.17.24,192.168.9.51,138,138
29-Jan,11:25:48,192.168.17.24,192.168.10.60,138,138
29-Jan,11:28:42,192.168.17.24,192.168.9.51,138,138
29-Jan,11:28:42,192.168.17.24,192.168.10.60,138,138
29-Jan,11:28:42,192.168.17.24,192.168.9.51,138,138
29-Jan,11:28:42,192.168.17.24,192.168.10.60,138,138
29-Jan,11:31:44,192.168.17.24,192.168.9.51,138,138
29-Jan,11:31:44,192.168.17.24,192.168.10.60,138,138
29-Jan,11:31:44,192.168.17.24,192.168.9.51,138,138
29-Jan,11:31:44,192.168.17.24,192.168.10.60,138,138
29-Jan,11:35:02,192.168.17.24,192.168.9.51,138,138
29-Jan,11:35:02,192.168.17.24,192.168.10.60,138,138
29-Jan,11:35:02,192.168.17.24,192.168.9.51,138,138
29-Jan,11:35:02,192.168.17.24,192.168.10.60,138,138
29-Jan,11:38:02,192.168.17.24,192.168.9.51,138,138
29-Jan,11:38:02,192.168.17.24,192.168.10.60,138,138
29-Jan,11:38:02,192.168.17.24,192.168.9.51,138,138
29-Jan,11:38:02,192.168.17.24,192.168.10.60,138,138
29-Jan,11:40:58,192.168.17.24,192.168.9.51,138,138
29-Jan,11:40:58,192.168.17.24,192.168.10.60,138,138
29-Jan,11:40:58,192.168.17.24,192.168.9.51,138,138
29-Jan,11:40:58,192.168.17.24,192.168.10.60,138,138
29-Jan,11:43:58,192.168.17.24,192.168.9.51,138,138
29-Jan,11:43:58,192.168.17.24,192.168.10.60,138,138
29-Jan,11:43:58,192.168.17.24,192.168.9.51,138,138
29-Jan,11:43:58,192.168.17.24,192.168.10.60,138,138
29-Jan,11:47:16,192.168.17.24,192.168.9.51,138,138
29-Jan,11:47:16,192.168.17.24,192.168.10.60,138,138
29-Jan,11:47:16,192.168.17.24,192.168.9.51,138,138
29-Jan,11:47:16,192.168.17.24,192.168.10.60,138,138
29-Jan,11:50:14,192.168.17.24,192.168.9.51,138,138
29-Jan,11:50:14,192.168.17.24,192.168.10.60,138,138
29-Jan,11:50:14,192.168.17.24,192.168.9.51,138,138
29-Jan,11:50:14,192.168.17.24,192.168.10.60,138,138
29-Jan,11:53:12,192.168.17.24,192.168.9.51,138,138
29-Jan,11:53:12,192.168.17.24,192.168.10.60,138,138
29-Jan,11:53:12,192.168.17.24,192.168.9.51,138,138
29-Jan,11:53:12,192.168.17.24,192.168.10.60,138,138
29-Jan,11:56:12,192.168.17.24,192.168.9.51,138,138
29-Jan,11:56:12,192.168.17.24,192.168.10.60,138,138
29-Jan,11:56:12,192.168.17.24,192.168.9.51,138,138
29-Jan,11:56:12,192.168.17.24,192.168.10.60,138,138
29-Jan,11:59:30,192.168.17.24,192.168.9.51,138,138
29-Jan,11:59:30,192.168.17.24,192.168.10.60,138,138
29-Jan,11:59:30,192.168.17.24,192.168.9.51,138,138
29-Jan,11:59:30,192.168.17.24,192.168.10.60,138,138
29-Jan,12:02:30,192.168.17.24,192.168.9.51,138,138
29-Jan,12:02:30,192.168.17.24,192.168.10.60,138,138
29-Jan,12:02:30,192.168.17.24,192.168.9.51,138,138
29-Jan,12:02:30,192.168.17.24,192.168.10.60,138,138
29-Jan,12:05:26,192.168.17.24,192.168.9.51,138,138
29-Jan,12:05:26,192.168.17.24,192.168.10.60,138,138
29-Jan,12:05:26,192.168.17.24,192.168.9.51,138,138
29-Jan,12:05:26,192.168.17.24,192.168.10.60,138,138
29-Jan,12:08:26,192.168.17.24,192.168.9.51,138,138
29-Jan,12:08:26,192.168.17.24,192.168.10.60,138,138
29-Jan,12:08:26,192.168.17.24,192.168.9.51,138,138
29-Jan,12:08:26,192.168.17.24,192.168.10.60,138,138
29-Jan,12:11:44,192.168.17.24,192.168.9.51,138,138
29-Jan,12:11:44,192.168.17.24,192.168.10.60,138,138
29-Jan,12:11:44,192.168.17.24,192.168.9.51,138,138
29-Jan,12:11:44,192.168.17.24,192.168.10.60,138,138
29-Jan,12:14:43,192.168.17.24,192.168.9.51,138,138
29-Jan,12:14:43,192.168.17.24,192.168.10.60,138,138
29-Jan,12:14:43,192.168.17.24,192.168.9.51,138,138
29-Jan,12:14:43,192.168.17.24,192.168.10.60,138,138
29-Jan,12:17:40,192.168.17.24,192.168.9.51,138,138
29-Jan,12:17:40,192.168.17.24,192.168.10.60,138,138
29-Jan,12:17:40,192.168.17.24,192.168.9.51,138,138
29-Jan,12:17:40,192.168.17.24,192.168.10.60,138,138
29-Jan,12:20:40,192.168.17.24,192.168.9.51,138,138
29-Jan,12:20:40,192.168.17.24,192.168.10.60,138,138
29-Jan,12:20:40,192.168.17.24,192.168.9.51,138,138
29-Jan,12:20:40,192.168.17.24,192.168.10.60,138,138
29-Jan,12:23:57,192.168.17.24,192.168.9.51,138,138
29-Jan,12:23:57,192.168.17.24,192.168.10.60,138,138
29-Jan,12:23:57,192.168.17.24,192.168.9.51,138,138
29-Jan,12:23:57,192.168.17.24,192.168.10.60,138,138
29-Jan,12:26:57,192.168.17.24,192.168.9.51,138,138
29-Jan,12:26:57,192.168.17.24,192.168.10.60,138,138
29-Jan,12:26:57,192.168.17.24,192.168.9.51,138,138
29-Jan,12:26:57,192.168.17.24,192.168.10.60,138,138
29-Jan,12:29:52,192.168.17.24,192.168.9.51,138,138
29-Jan,12:29:52,192.168.17.24,192.168.10.60,138,138
29-Jan,12:29:52,192.168.17.24,192.168.9.51,138,138
29-Jan,12:29:52,192.168.17.24,192.168.10.60,138,138
29-Jan,12:32:53,192.168.17.24,192.168.9.51,138,138
29-Jan,12:32:53,192.168.17.24,192.168.10.60,138,138
29-Jan,12:32:53,192.168.17.24,192.168.9.51,138,138
29-Jan,12:32:53,192.168.17.24,192.168.10.60,138,138
29-Jan,12:36:02,192.168.17.24,192.168.9.51,138,138
29-Jan,12:36:02,192.168.17.24,192.168.10.60,138,138
29-Jan,12:36:02,192.168.17.24,192.168.9.51,138,138
29-Jan,12:36:02,192.168.17.24,192.168.10.60,138,138
29-Jan,12:39:05,192.168.17.24,192.168.9.51,138,138
29-Jan,12:39:05,192.168.17.24,192.168.10.60,138,138
29-Jan,12:39:05,192.168.17.24,192.168.9.51,138,138
29-Jan,12:39:05,192.168.17.24,192.168.10.60,138,138
29-Jan,12:42:01,192.168.17.24,192.168.9.51,138,138
29-Jan,12:42:01,192.168.17.24,192.168.10.60,138,138
29-Jan,12:42:01,192.168.17.24,192.168.9.51,138,138
29-Jan,12:42:01,192.168.17.24,192.168.10.60,138,138
29-Jan,12:45:01,192.168.17.24,192.168.9.51,138,138
29-Jan,12:45:01,192.168.17.24,192.168.10.60,138,138
29-Jan,12:45:01,192.168.17.24,192.168.9.51,138,138
29-Jan,12:45:01,192.168.17.24,192.168.10.60,138,138
29-Jan,12:48:01,192.168.17.24,192.168.9.51,138,138
29-Jan,12:48:01,192.168.17.24,192.168.10.60,138,138
29-Jan,12:48:01,192.168.17.24,192.168.9.51,138,138
29-Jan,12:48:01,192.168.17.24,192.168.10.60,138,138
29-Jan,12:51:20,192.168.17.24,192.168.9.51,138,138
29-Jan,12:51:20,192.168.17.24,192.168.10.60,138,138
29-Jan,12:51:20,192.168.17.24,192.168.9.51,138,138
29-Jan,12:51:20,192.168.17.24,192.168.10.60,138,138
29-Jan,12:54:20,192.168.17.24,192.168.9.51,138,138
29-Jan,12:54:20,192.168.17.24,192.168.10.60,138,138
29-Jan,12:54:20,192.168.17.24,192.168.9.51,138,138
29-Jan,12:54:20,192.168.17.24,192.168.10.60,138,138
29-Jan,12:57:15,192.168.17.24,192.168.9.51,138,138
29-Jan,12:57:15,192.168.17.24,192.168.10.60,138,138
29-Jan,12:57:15,192.168.17.24,192.168.9.51,138,138
29-Jan,12:57:15,192.168.17.24,192.168.10.60,138,138
29-Jan,13:00:15,192.168.17.24,192.168.9.51,138,138
29-Jan,13:00:15,192.168.17.24,192.168.10.60,138,138
29-Jan,13:00:15,192.168.17.24,192.168.9.51,138,138
29-Jan,13:00:15,192.168.17.24,192.168.10.60,138,138
29-Jan,13:03:34,192.168.17.24,192.168.9.51,138,138
29-Jan,13:03:34,192.168.17.24,192.168.10.60,138,138
29-Jan,13:03:34,192.168.17.24,192.168.9.51,138,138
29-Jan,13:03:34,192.168.17.24,192.168.10.60,138,138
29-Jan,13:06:34,192.168.17.24,192.168.9.51,138,138
29-Jan,13:06:34,192.168.17.24,192.168.10.60,138,138
29-Jan,13:06:34,192.168.17.24,192.168.9.51,138,138
29-Jan,13:06:34,192.168.17.24,192.168.10.60,138,138
29-Jan,13:09:29,192.168.17.24,192.168.9.51,138,138
29-Jan,13:09:29,192.168.17.24,192.168.10.60,138,138
29-Jan,13:09:29,192.168.17.24,192.168.9.51,138,138
29-Jan,13:09:29,192.168.17.24,192.168.10.60,138,138
29-Jan,13:12:30,192.168.17.24,192.168.9.51,138,138
29-Jan,13:12:30,192.168.17.24,192.168.10.60,138,138
29-Jan,13:12:30,192.168.17.24,192.168.9.51,138,138
29-Jan,13:12:30,192.168.17.24,192.168.10.60,138,138
29-Jan,13:15:48,192.168.17.24,192.168.9.51,138,138
29-Jan,13:15:48,192.168.17.24,192.168.10.60,138,138
29-Jan,13:15:48,192.168.17.24,192.168.9.51,138,138
29-Jan,13:15:48,192.168.17.24,192.168.10.60,138,138
29-Jan,13:18:48,192.168.17.24,192.168.9.51,138,138
29-Jan,13:18:48,192.168.17.24,192.168.10.60,138,138
29-Jan,13:18:48,192.168.17.24,192.168.9.51,138,138
29-Jan,13:18:48,192.168.17.24,192.168.10.60,138,138
29-Jan,13:21:43,192.168.17.24,192.168.9.51,138,138
29-Jan,13:21:43,192.168.17.24,192.168.10.60,138,138
29-Jan,13:21:43,192.168.17.24,192.168.9.51,138,138
29-Jan,13:21:43,192.168.17.24,192.168.10.60,138,138
29-Jan,13:24:44,192.168.17.24,192.168.9.51,138,138
29-Jan,13:24:44,192.168.17.24,192.168.10.60,138,138
29-Jan,13:24:44,192.168.17.24,192.168.9.51,138,138
29-Jan,13:24:44,192.168.17.24,192.168.10.60,138,138
29-Jan,13:28:02,192.168.17.24,192.168.9.51,138,138
29-Jan,13:28:02,192.168.17.24,192.168.10.60,138,138
29-Jan,13:28:02,192.168.17.24,192.168.9.51,138,138
29-Jan,13:28:02,192.168.17.24,192.168.10.60,138,138
29-Jan,13:31:02,192.168.17.24,192.168.9.51,138,138
29-Jan,13:31:02,192.168.17.24,192.168.10.60,138,138
29-Jan,13:31:02,192.168.17.24,192.168.9.51,138,138
29-Jan,13:31:02,192.168.17.24,192.168.10.60,138,138
29-Jan,13:33:57,192.168.17.24,192.168.9.51,138,138
29-Jan,13:33:57,192.168.17.24,192.168.10.60,138,138
29-Jan,13:33:57,192.168.17.24,192.168.9.51,138,138
29-Jan,13:33:57,192.168.17.24,192.168.10.60,138,138
29-Jan,13:36:58,192.168.17.24,192.168.9.51,138,138
29-Jan,13:36:58,192.168.17.24,192.168.10.60,138,138
29-Jan,13:36:58,192.168.17.24,192.168.9.51,138,138
29-Jan,13:36:58,192.168.17.24,192.168.10.60,138,138
29-Jan,13:40:10,192.168.17.24,192.168.9.51,138,138
29-Jan,13:40:10,192.168.17.24,192.168.10.60,138,138
29-Jan,13:40:10,192.168.17.24,192.168.9.51,138,138
29-Jan,13:40:10,192.168.17.24,192.168.10.60,138,138
29-Jan,13:43:16,192.168.17.24,192.168.9.51,138,138
29-Jan,13:43:16,192.168.17.24,192.168.10.60,138,138
29-Jan,13:43:16,192.168.17.24,192.168.9.51,138,138
29-Jan,13:43:16,192.168.17.24,192.168.10.60,138,138
29-Jan,13:46:11,192.168.17.24,192.168.9.51,138,138
29-Jan,13:46:11,192.168.17.24,192.168.10.60,138,138
29-Jan,13:46:11,192.168.17.24,192.168.9.51,138,138
29-Jan,13:46:11,192.168.17.24,192.168.10.60,138,138
29-Jan,13:49:12,192.168.17.24,192.168.9.51,138,138
29-Jan,13:49:12,192.168.17.24,192.168.10.60,138,138
29-Jan,13:49:12,192.168.17.24,192.168.9.51,138,138
29-Jan,13:49:12,192.168.17.24,192.168.10.60,138,138
29-Jan,13:52:30,192.168.17.24,192.168.9.51,138,138
29-Jan,13:52:30,192.168.17.24,192.168.10.60,138,138
29-Jan,13:52:30,192.168.17.24,192.168.9.51,138,138
29-Jan,13:52:30,192.168.17.24,192.168.10.60,138,138
29-Jan,13:55:29,192.168.17.24,192.168.9.51,138,138
29-Jan,13:55:29,192.168.17.24,192.168.10.60,138,138
29-Jan,13:55:29,192.168.17.24,192.168.9.51,138,138
29-Jan,13:55:29,192.168.17.24,192.168.10.60,138,138
29-Jan,13:58:30,192.168.17.24,192.168.9.51,138,138
29-Jan,13:58:30,192.168.17.24,192.168.10.60,138,138
29-Jan,13:58:30,192.168.17.24,192.168.9.51,138,138
29-Jan,13:58:30,192.168.17.24,192.168.10.60,138,138
29-Jan,14:01:39,192.168.17.24,192.168.9.51,138,138
29-Jan,14:01:39,192.168.17.24,192.168.10.60,138,138
29-Jan,14:01:39,192.168.17.24,192.168.9.51,138,138
29-Jan,14:01:39,192.168.17.24,192.168.10.60,138,138
29-Jan,14:04:44,192.168.17.24,192.168.9.51,138,138
29-Jan,14:04:44,192.168.17.24,192.168.10.60,138,138
29-Jan,14:04:44,192.168.17.24,192.168.9.51,138,138
29-Jan,14:04:44,192.168.17.24,192.168.10.60,138,138
29-Jan,14:07:43,192.168.17.24,192.168.9.51,138,138
29-Jan,14:07:43,192.168.17.24,192.168.10.60,138,138
29-Jan,14:07:43,192.168.17.24,192.168.9.51,138,138
29-Jan,14:07:43,192.168.17.24,192.168.10.60,138,138
29-Jan,14:10:38,192.168.17.24,192.168.9.51,138,138
29-Jan,14:10:38,192.168.17.24,192.168.10.60,138,138
29-Jan,14:10:38,192.168.17.24,192.168.9.51,138,138
29-Jan,14:10:38,192.168.17.24,192.168.10.60,138,138
29-Jan,14:13:39,192.168.17.24,192.168.9.51,138,138
29-Jan,14:13:39,192.168.17.24,192.168.10.60,138,138
29-Jan,14:13:39,192.168.17.24,192.168.9.51,138,138
29-Jan,14:13:39,192.168.17.24,192.168.10.60,138,138
29-Jan,14:16:48,192.168.17.24,192.168.9.51,138,138
29-Jan,14:16:48,192.168.17.24,192.168.10.60,138,138
29-Jan,14:16:48,192.168.17.24,192.168.9.51,138,138
29-Jan,14:16:48,192.168.17.24,192.168.10.60,138,138
29-Jan,14:19:52,192.168.17.24,192.168.9.51,138,138
29-Jan,14:19:52,192.168.17.24,192.168.10.60,138,138
29-Jan,14:19:52,192.168.17.24,192.168.9.51,138,138
29-Jan,14:19:52,192.168.17.24,192.168.10.60,138,138
29-Jan,14:22:52,192.168.17.24,192.168.9.51,138,138
29-Jan,14:22:52,192.168.17.24,192.168.10.60,138,138
29-Jan,14:22:52,192.168.17.24,192.168.9.51,138,138
29-Jan,14:22:52,192.168.17.24,192.168.10.60,138,138
29-Jan,14:25:47,192.168.17.24,192.168.9.51,138,138
29-Jan,14:25:47,192.168.17.24,192.168.10.60,138,138
29-Jan,14:25:47,192.168.17.24,192.168.9.51,138,138
29-Jan,14:25:47,192.168.17.24,192.168.10.60,138,138
29-Jan,14:28:47,192.168.17.24,192.168.9.51,138,138
29-Jan,14:28:47,192.168.17.24,192.168.10.60,138,138
29-Jan,14:28:47,192.168.17.24,192.168.9.51,138,138
29-Jan,14:28:47,192.168.17.24,192.168.10.60,138,138
29-Jan,14:32:06,192.168.17.24,192.168.9.51,138,138
29-Jan,14:32:06,192.168.17.24,192.168.10.60,138,138
29-Jan,14:32:06,192.168.17.24,192.168.9.51,138,138
29-Jan,14:32:06,192.168.17.24,192.168.10.60,138,138
29-Jan,14:35:06,192.168.17.24,192.168.9.51,138,138
29-Jan,14:35:06,192.168.17.24,192.168.10.60,138,138
29-Jan,14:35:06,192.168.17.24,192.168.9.51,138,138
29-Jan,14:35:06,192.168.17.24,192.168.10.60,138,138
29-Jan,14:38:01,192.168.17.24,192.168.9.51,138,138
29-Jan,14:38:01,192.168.17.24,192.168.10.60,138,138
29-Jan,14:38:01,192.168.17.24,192.168.9.51,138,138
29-Jan,14:38:01,192.168.17.24,192.168.10.60,138,138
29-Jan,14:41:02,192.168.17.24,192.168.9.51,138,138
29-Jan,14:41:02,192.168.17.24,192.168.10.60,138,138
29-Jan,14:41:02,192.168.17.24,192.168.9.51,138,138
29-Jan,14:41:02,192.168.17.24,192.168.10.60,138,138
29-Jan,14:44:20,192.168.17.24,192.168.9.51,138,138
29-Jan,14:44:20,192.168.17.24,192.168.10.60,138,138
29-Jan,14:44:20,192.168.17.24,192.168.9.51,138,138
29-Jan,14:44:20,192.168.17.24,192.168.10.60,138,138
29-Jan,14:47:20,192.168.17.24,192.168.9.51,138,138
29-Jan,14:47:20,192.168.17.24,192.168.10.60,138,138
29-Jan,14:47:20,192.168.17.24,192.168.9.51,138,138
29-Jan,14:47:20,192.168.17.24,192.168.10.60,138,138
29-Jan,14:50:15,192.168.17.24,192.168.9.51,138,138
29-Jan,14:50:15,192.168.17.24,192.168.10.60,138,138
29-Jan,14:50:15,192.168.17.24,192.168.9.51,138,138
29-Jan,14:50:15,192.168.17.24,192.168.10.60,138,138
29-Jan,14:53:16,192.168.17.24,192.168.9.51,138,138
29-Jan,14:53:16,192.168.17.24,192.168.10.60,138,138
29-Jan,14:53:16,192.168.17.24,192.168.9.51,138,138
29-Jan,14:53:16,192.168.17.24,192.168.10.60,138,138
29-Jan,14:56:34,192.168.17.24,192.168.9.51,138,138
29-Jan,14:56:34,192.168.17.24,192.168.10.60,138,138
29-Jan,14:56:34,192.168.17.24,192.168.9.51,138,138
29-Jan,14:56:34,192.168.17.24,192.168.10.60,138,138
29-Jan,14:59:34,192.168.17.24,192.168.9.51,138,138
29-Jan,14:59:34,192.168.17.24,192.168.10.60,138,138
29-Jan,14:59:34,192.168.17.24,192.168.9.51,138,138
29-Jan,14:59:34,192.168.17.24,192.168.10.60,138,138
29-Jan,15:02:29,192.168.17.24,192.168.9.51,138,138
29-Jan,15:02:29,192.168.17.24,192.168.10.60,138,138
29-Jan,15:02:29,192.168.17.24,192.168.9.51,138,138
29-Jan,15:02:29,192.168.17.24,192.168.10.60,138,138
29-Jan,15:05:30,192.168.17.24,192.168.9.51,138,138
29-Jan,15:05:30,192.168.17.24,192.168.10.60,138,138
29-Jan,15:05:30,192.168.17.24,192.168.9.51,138,138
29-Jan,15:05:30,192.168.17.24,192.168.10.60,138,138
29-Jan,15:08:48,192.168.17.24,192.168.9.51,138,138
29-Jan,15:08:48,192.168.17.24,192.168.10.60,138,138
29-Jan,15:08:48,192.168.17.24,192.168.9.51,138,138
29-Jan,15:08:48,192.168.17.24,192.168.10.60,138,138
29-Jan,15:11:45,192.168.17.24,192.168.9.51,138,138
29-Jan,15:11:45,192.168.17.24,192.168.10.60,138,138
29-Jan,15:11:45,192.168.17.24,192.168.9.51,138,138
29-Jan,15:11:45,192.168.17.24,192.168.10.60,138,138
29-Jan,15:14:43,192.168.17.24,192.168.9.51,138,138
29-Jan,15:14:43,192.168.17.24,192.168.10.60,138,138
29-Jan,15:14:43,192.168.17.24,192.168.9.51,138,138
29-Jan,15:14:43,192.168.17.24,192.168.10.60,138,138
29-Jan,15:17:44,192.168.17.24,192.168.9.51,138,138
29-Jan,15:17:44,192.168.17.24,192.168.10.60,138,138
29-Jan,15:17:44,192.168.17.24,192.168.9.51,138,138
29-Jan,15:17:44,192.168.17.24,192.168.10.60,138,138
29-Jan,15:21:02,192.168.17.24,192.168.9.51,138,138
29-Jan,15:21:02,192.168.17.24,192.168.10.60,138,138
29-Jan,15:21:02,192.168.17.24,192.168.9.51,138,138
29-Jan,15:21:02,192.168.17.24,192.168.10.60,138,138
29-Jan,15:24:02,192.168.17.24,192.168.9.51,138,138
29-Jan,15:24:02,192.168.17.24,192.168.10.60,138,138
29-Jan,15:24:02,192.168.17.24,192.168.9.51,138,138
29-Jan,15:24:02,192.168.17.24,192.168.10.60,138,138
29-Jan,15:26:55,192.168.17.24,192.168.9.51,138,138
29-Jan,15:26:55,192.168.17.24,192.168.10.60,138,138
29-Jan,15:26:55,192.168.17.24,192.168.9.51,138,138
29-Jan,15:26:55,192.168.17.24,192.168.10.60,138,138
29-Jan,15:29:56,192.168.17.24,192.168.9.51,138,138
29-Jan,15:29:56,192.168.17.24,192.168.10.60,138,138
29-Jan,15:29:56,192.168.17.24,192.168.9.51,138,138
29-Jan,15:29:56,192.168.17.24,192.168.10.60,138,138
29-Jan,15:32:56,192.168.17.24,192.168.9.51,138,138
29-Jan,15:32:56,192.168.17.24,192.168.10.60,138,138
29-Jan,15:32:56,192.168.17.24,192.168.9.51,138,138
29-Jan,15:32:56,192.168.17.24,192.168.10.60,138,138
29-Jan,15:36:10,192.168.17.24,192.168.9.51,138,138
29-Jan,15:36:10,192.168.17.24,192.168.10.60,138,138
29-Jan,15:36:10,192.168.17.24,192.168.9.51,138,138
29-Jan,15:36:10,192.168.17.24,192.168.10.60,138,138
29-Jan,15:39:10,192.168.17.24,192.168.9.51,138,138
29-Jan,15:39:10,192.168.17.24,192.168.10.60,138,138
29-Jan,15:39:10,192.168.17.24,192.168.9.51,138,138
29-Jan,15:39:10,192.168.17.24,192.168.10.60,138,138
29-Jan,15:42:05,192.168.17.24,192.168.9.51,138,138
29-Jan,15:42:05,192.168.17.24,192.168.10.60,138,138
29-Jan,15:42:05,192.168.17.24,192.168.9.51,138,138
29-Jan,15:42:05,192.168.17.24,192.168.10.60,138,138
29-Jan,15:45:05,192.168.17.24,192.168.9.51,138,138
29-Jan,15:45:05,192.168.17.24,192.168.10.60,138,138
29-Jan,15:45:05,192.168.17.24,192.168.9.51,138,138
29-Jan,15:45:05,192.168.17.24,192.168.10.60,138,138
